RD10306,Donna,Richards,drichards0@howstuffworks.com
MH72929,Philip,Wood,pwood1@adobe.com
HT03151,Denise,Austin,daustin2@alexa.com
JW65713,Timothy,Ferguson,tferguson3@shutterfly.com
PD14184,Denise,Willis,dwillis4@bandcamp.com
CA03320,Gloria,Myers,gmyers5@telegraph.co.uk
KB83629,Carolyn,Long,clong6@pinterest.com
AS95805,Kimberly,Dean,kdean7@hatena.ne.jp
PT44387,Bonnie,Stanley,bstanley8@g.co
KD48373,Rose,Lynch,rlynch9@huffingtonpost.com
DP64600,Earl,Young,eyounga@imdb.com
CX34320,Ralph,Anderson,randersonb@lycos.com
YJ57221,Albert,Alexander,aalexanderc@utexas.edu
VC84657,Kenneth,Collins,kcollinsd@walmart.com
WS27244,Ryan,Jones,rjonese@opensource.org
SV66216,Elizabeth,Johnson,ejohnsonf@google.pl
WB26195,Raymond,Peterson,rpetersong@cloudflare.com
VS48090,Carolyn,Ellis,cellish@answers.com
LP77273,Bonnie,Roberts,brobertsi@washington.edu
FH84508,Lois,Lane,llanej@weibo.com
BC50001,Kathy,Campbell,kcampbellk@buzzfeed.com
IV40768,Donna,Carroll,dcarrolll@google.com.au
NB86406,Kelly,West,kwestm@taobao.com
WA04059,Sean,Oliver,solivern@constantcontact.com
LC29358,Sean,Rogers,srogerso@bbc.co.uk
YI99445,Craig,Scott,cscottp@apache.org
RE01641,Ruth,Stanley,rstanleyq@biglobe.ne.jp
GH57065,Walter,Tucker,wtuckerr@nps.gov
PF49464,Kevin,Hamilton,khamiltons@eventbrite.com
OV92064,Stephanie,Palmer,spalmert@abc.net.au
ES19097,Katherine,Hill,khillu@cmu.edu
ST83612,Phillip,Campbell,pcampbellv@spotify.com
UX74080,Lois,Day,ldayw@i2i.jp
TW26783,Timothy,Sanders,tsandersx@kickstarter.com
BW34533,Michelle,Scott,mscotty@mashable.com
WX60198,Louis,Frazier,lfrazierz@elpais.com
BR76453,Gloria,Robertson,grobertson10@blogger.com
LK37883,George,Riley,griley11@artisteer.com
QR60574,Jesse,Sanders,jsanders12@hao123.com
VE50514,Diane,Crawford,dcrawford13@google.pl
SI38661,Chris,Scott,cscott14@alibaba.com
TF70090,Stephanie,Henry,shenry15@si.edu
HR84341,Patricia,Day,pday16@simplemachines.org
QI26188,Randy,Davis,rdavis17@slate.com
CN28766,Susan,Burns,sburns18@t-online.de
CP90003,Rebecca,Castillo,rcastillo19@rambler.ru
WN96809,Rebecca,Kennedy,rkennedy1a@imgur.com
NO97805,Elizabeth,Black,eblack1b@hatena.ne.jp
IH41988,Marilyn,Hansen,mhansen1c@netlog.com
YL75677,Sara,Ferguson,sferguson1d@dot.gov
JL98610,Robert,Wagner,rwagner1e@163.com
UJ31741,Patrick,Rogers,progers1f@google.fr
ZC46587,Nicole,Gutierrez,ngutierrez1g@economist.com
YP59626,Kenneth,Woods,kwoods1h@merriam-webster.com
QB85932,Jennifer,Ferguson,jferguson1i@linkedin.com
LW99290,Craig,Hall,chall1j@dmoz.org
AV41426,Justin,Ryan,jryan1k@icq.com
DZ11135,Patrick,Scott,pscott1l@wikipedia.org
VX31523,Emily,Bennett,ebennett1m@taobao.com
UA25584,Terry,Powell,tpowell1n@unicef.org
GR97110,Angela,Rivera,arivera1o@ihg.com
TS37595,Joshua,Johnston,jjohnston1p@engadget.com
IN12673,Jane,Berry,jberry1q@over-blog.com
DI42253,Todd,Ramirez,tramirez1r@ow.ly
DV53090,Louis,Baker,lbaker1s@squarespace.com
XS28838,David,Alvarez,dalvarez1t@earthlink.net
OL80424,Susan,Richards,srichards1u@bandcamp.com
LR65237,Wanda,Flores,wflores1v@angelfire.com
IK76536,Julia,Clark,jclark1w@plala.or.jp
RU65244,Andrew,Young,ayoung1x@ocn.ne.jp
RS57947,Albert,Burns,aburns1y@amazon.com
QU54136,Philip,Rodriguez,prodriguez1z@yahoo.com
WG22989,Barbara,Baker,bbaker20@irs.gov
ZT13861,Cynthia,Stone,cstone21@friendfeed.com
BV72383,James,Gibson,jgibson22@virginia.edu
ZY47641,Janet,Bishop,jbishop23@rakuten.co.jp
SY85288,Peter,Mcdonald,pmcdonald24@aboutads.info
LM64212,Jessica,Lane,jlane25@nhs.uk
XB53723,Nicole,Welch,nwelch26@princeton.edu
VN53854,Jimmy,Stevens,jstevens27@purevolume.com
KY03048,Pamela,Pierce,ppierce28@mashable.com
WD73515,Wanda,Wright,wwright29@nsw.gov.au
BC12463,James,Mitchell,jmitchell2a@opera.com
KR28656,Anne,Hunter,ahunter2b@twitpic.com
NE88695,Russell,Lawrence,rlawrence2c@apache.org
OJ67297,Terry,Barnes,tbarnes2d@alibaba.com
HU68316,Frank,Smith,fsmith2e@posterous.com
IY56939,Jacqueline,Gilbert,jgilbert2f@hostgator.com
OG37427,Philip,Boyd,pboyd2g@fc2.com
NQ88559,Robert,Coleman,rcoleman2h@hhs.gov
XH17280,Joyce,Lynch,jlynch2i@goo.ne.jp
QV89573,Brian,Russell,brussell2j@sbwire.com
IX70803,Matthew,King,mking2k@amazon.de
LA35452,Martha,Hamilton,mhamilton2l@hatena.ne.jp
NQ41182,Beverly,Williamson,bwilliamson2m@skyrock.com
ND50197,Antonio,Bradley,abradley2n@hp.com
OR64795,Pamela,Medina,pmedina2o@ebay.com
DV08559,Harold,Murphy,hmurphy2p@booking.com
IE29859,Craig,Weaver,cweaver2q@prnewswire.com
TV52281,Julie,Sanchez,jsanchez2r@biglobe.ne.jp
RL68784,Kimberly,Cooper,kcooper2s@bigcartel.com
JS07504,Stephanie,Arnold,sarnold2t@washingtonpost.com
EQ50712,Sandra,Jones,sjones2u@xinhuanet.com
KZ64824,Andrew,Barnes,abarnes2v@lycos.com
VK88030,Matthew,Brown,mbrown2w@accuweather.com
AC12875,Jason,Welch,jwelch2x@meetup.com
IN20071,Harry,Rice,hrice2y@yolasite.com
HQ53925,Christine,Richardson,crichardson2z@bizjournals.com
GF03680,Jesse,Hill,jhill30@sciencedaily.com
EK86220,Scott,Davis,sdavis31@timesonline.co.uk
IX69207,Jason,Walker,jwalker32@telegraph.co.uk
WR14411,Laura,Taylor,ltaylor33@posterous.com
SK02907,Katherine,Mendoza,kmendoza34@google.cn
BA72592,Doris,Reed,dreed35@blogspot.com
SH45172,Mary,Porter,mporter36@cyberchimps.com
JI81337,Kevin,Morris,kmorris37@networksolutions.com
FN80873,Peter,Nelson,pnelson38@webs.com
XQ59830,Kimberly,Griffin,kgriffin39@spotify.com
WM34823,Susan,Russell,srussell3a@examiner.com
EB69306,Rose,Rodriguez,rrodriguez3b@dmoz.org
KT91697,Kelly,Howell,khowell3c@ucsd.edu
OT97727,Jonathan,Frazier,jfrazier3d@who.int
NH88680,Lois,Stanley,lstanley3e@google.fr
DF17793,Sarah,Taylor,staylor3f@odnoklassniki.ru
SK84623,Frank,Kelley,fkelley3g@vimeo.com
UV24513,Brian,Lopez,blopez3h@cornell.edu
WF94768,Helen,Berry,hberry3i@mac.com
OS64062,Craig,Kim,ckim3j@nytimes.com
BP22499,Helen,Ford,hford3k@smh.com.au
YG82620,Jose,Hart,jhart3l@japanpost.jp
PE77748,Karen,Dunn,kdunn3m@plala.or.jp
VZ75675,Laura,Foster,lfoster3n@a8.net
BJ90124,Jason,Rogers,jrogers3o@berkeley.edu
GN84325,Marie,Rice,mrice3p@kickstarter.com
MT65053,Debra,Shaw,dshaw3q@liveinternet.ru
XZ66098,Kenneth,Hernandez,khernandez3r@myspace.com
PY48625,Christine,Burke,cburke3s@time.com
FL93516,Brandon,Carroll,bcarroll3t@alexa.com
TK48472,Donald,Duncan,dduncan3u@hp.com
UF89993,Michelle,Hall,mhall3v@salon.com
RM23570,James,Hayes,jhayes3w@t-online.de
ZG94980,Jesse,Morales,jmorales3x@yellowbook.com
IR02944,Brian,Larson,blarson3y@cpanel.net
HP64066,Nicholas,Marshall,nmarshall3z@behance.net
GO00285,Paula,Thompson,pthompson40@a8.net
SF69629,Keith,Jacobs,kjacobs41@moonfruit.com
YN51354,Norma,Nelson,nnelson42@google.cn
EH14539,Ashley,Sanders,asanders43@miitbeian.gov.cn
RI45538,Judy,Robertson,jrobertson44@google.ru
TH70571,Henry,Mitchell,hmitchell45@techcrunch.com
AI45309,David,Perez,dperez46@cisco.com
RA44552,Gary,Murphy,gmurphy47@spotify.com
CA43786,Gary,Dunn,gdunn48@list-manage.com
HO53793,Anne,Moreno,amoreno49@usa.gov
LI31287,Adam,Reynolds,areynolds4a@jugem.jp
CL37610,Carol,Bradley,cbradley4b@ucoz.ru
GE90227,Juan,Grant,jgrant4c@cocolog-nifty.com
BU89942,Karen,Hart,khart4d@devhub.com
WI36274,Kenneth,Welch,kwelch4e@google.com.au
BA08131,Howard,Pierce,hpierce4f@springer.com
ER42281,Raymond,Reed,rreed4g@posterous.com
EI02352,Amanda,Rice,arice4h@fda.gov
HX56983,Jeremy,Price,jprice4i@shop-pro.jp
VY47484,Shawn,Price,sprice4j@theatlantic.com
MW27972,Ruby,Bradley,rbradley4k@adobe.com
WQ10500,Eric,Rose,erose4l@ibm.com
KJ78891,Terry,Hanson,thanson4m@google.pl
KI96677,Teresa,Gonzalez,tgonzalez4n@bing.com
ID46390,Phillip,Ramos,pramos4o@edublogs.org
JL90970,Nicholas,Campbell,ncampbell4p@cbsnews.com
PJ83730,Shawn,West,swest4q@buzzfeed.com
GR03115,Marie,Fisher,mfisher4r@zdnet.com
CQ47306,Robert,Mitchell,rmitchell4s@flickr.com
XB80292,Patrick,Garza,pgarza4t@uiuc.edu
RV44764,Mildred,Mason,mmason4u@dailymotion.com
ST04854,Jean,Black,jblack4v@opensource.org
FP81639,Ernest,Burke,eburke4w@instagram.com
NO81249,Harry,Day,hday4x@dagondesign.com
FL48395,Sarah,Cruz,scruz4y@usatoday.com
LH31233,Jose,Gordon,jgordon4z@weibo.com
ZU82399,Gregory,Hall,ghall50@bizjournals.com
GN26667,Thomas,Medina,tmedina51@miibeian.gov.cn
NY20196,Joseph,Bradley,jbradley52@huffingtonpost.com
HN71944,Brenda,Perez,bperez53@domainmarket.com
AJ41120,Dennis,Wallace,dwallace54@wix.com
VI72799,Jimmy,Green,jgreen55@yandex.ru
JE34167,Eric,Dunn,edunn56@java.com
JP20047,Juan,Gomez,jgomez57@ox.ac.uk
SV17663,Julia,Mitchell,jmitchell58@reddit.com
QC14792,Donna,Nichols,dnichols59@squarespace.com
GY61292,Joshua,Cox,jcox5a@redcross.org
FE37659,Cynthia,Mitchell,cmitchell5b@forbes.com
DE85399,Anne,Bryant,abryant5c@hubpages.com
PG83186,Wayne,Torres,wtorres5d@businessinsider.com
JO19528,Michelle,Ward,mward5e@topsy.com
WX79302,Janice,Taylor,jtaylor5f@blogger.com
AP39606,Keith,Bennett,kbennett5g@bizjournals.com
DA99976,Frances,Medina,fmedina5h@berkeley.edu
VH16510,Kathy,Kennedy,kkennedy5i@bing.com
YM92479,Ashley,Marshall,amarshall5j@yellowpages.com
KF22992,Benjamin,Harvey,bharvey5k@sina.com.cn
OC50098,Sarah,Nichols,snichols5l@jiathis.com
CZ46857,Maria,Pierce,mpierce5m@discuz.net
KF79783,Laura,Freeman,lfreeman5n@multiply.com
JN28694,Sandra,Phillips,sphillips5o@printfriendly.com
GS20045,Samuel,Green,sgreen5p@craigslist.org
EU95878,Alice,Williams,awilliams5q@yellowbook.com
GD36207,Roger,Carter,rcarter5r@webs.com
PX72154,Lois,Pierce,lpierce5s@stumbleupon.com
JW32303,Stephanie,Miller,smiller5t@delicious.com
MU73123,Bruce,Cox,bcox5u@disqus.com
KV54085,Mildred,Lawrence,mlawrence5v@nationalgeographic.com
XC98906,Samuel,Alexander,salexander5w@bandcamp.com
WL69363,Jimmy,Mitchell,jmitchell5x@flavors.me
HR69984,Gerald,Hawkins,ghawkins5y@shop-pro.jp
OB28181,Doris,West,dwest5z@skype.com
US40904,Christina,West,cwest60@altervista.org
XK90612,Kathryn,Ray,kray61@delicious.com
BX12285,Gerald,Mason,gmason62@symantec.com
VB17761,Frances,Frazier,ffrazier63@cargocollective.com
IY76899,Bobby,Watson,bwatson64@google.it
IT58044,Eric,Ruiz,eruiz65@gnu.org
FA05915,Brandon,Bradley,bbradley66@shutterfly.com
AI88353,Walter,Hudson,whudson67@live.com
IM75359,Elizabeth,Hansen,ehansen68@jigsy.com
JA54450,Frank,Wagner,fwagner69@google.nl
WT19118,Howard,Cooper,hcooper6a@oakley.com
EU86676,Andrea,Taylor,ataylor6b@dailymotion.com
TD85421,Sandra,Torres,storres6c@1688.com
DV63279,Phillip,Lynch,plynch6d@buzzfeed.com
WD42689,Christine,Nguyen,cnguyen6e@typepad.com
YG89444,Billy,Knight,bknight6f@google.es
QG64793,Melissa,Mendoza,mmendoza6g@tripadvisor.com
DH63702,Cynthia,George,cgeorge6h@constantcontact.com
ZE68073,Stephanie,Hughes,shughes6i@samsung.com
IA13790,Kathryn,Stephens,kstephens6j@last.fm
JB18592,Richard,Gutierrez,rgutierrez6k@networksolutions.com
QX97216,Pamela,Foster,pfoster6l@blogger.com
ZB73315,Theresa,Burns,tburns6m@odnoklassniki.ru
EK51765,Charles,Burton,cburton6n@businesswire.com
SG02213,Joan,Hart,jhart6o@wufoo.com
WN82798,Victor,Patterson,vpatterson6p@cargocollective.com
XQ24479,Johnny,Williams,jwilliams6q@reuters.com
CI95465,Jerry,Vasquez,jvasquez6r@webnode.com
AT94128,Sarah,Hart,shart6s@drupal.org
MH51651,Roger,Lewis,rlewis6t@themeforest.net
CK43686,Donald,Morgan,dmorgan6u@sun.com
IQ93134,Sarah,Griffin,sgriffin6v@nbcnews.com
ID36457,Ralph,Perry,rperry6w@rediff.com
TO03431,Harry,Fields,hfields6x@hc360.com
IG68394,Gloria,Reed,greed6y@lycos.com
AL46167,Jean,Shaw,jshaw6z@reuters.com
IV55404,Kathy,Jordan,kjordan70@smugmug.com
VJ36837,Sarah,Peterson,speterson71@ftc.gov
RI82422,Mary,Nguyen,mnguyen72@marketwatch.com
JZ22323,Ruby,Harris,rharris73@cyberchimps.com
DV01347,Karen,Mccoy,kmccoy74@zdnet.com
LO23462,Harry,Ruiz,hruiz75@spotify.com
JS37712,Gloria,Cruz,gcruz76@mit.edu
VI14083,Clarence,Richards,crichards77@ibm.com
TV88555,Tammy,Ferguson,tferguson78@irs.gov
NE29637,Todd,Gutierrez,tgutierrez79@booking.com
RV97503,Fred,Scott,fscott7a@msn.com
LG58472,Adam,Fox,afox7b@deliciousdays.com
BZ57930,Terry,Lawson,tlawson7c@goo.ne.jp
XI32399,Janice,Ford,jford7d@timesonline.co.uk
PX81107,Dennis,Fisher,dfisher7e@unesco.org
ZY82207,Ruby,Marshall,rmarshall7f@alibaba.com
GI24046,Heather,Fields,hfields7g@simplemachines.org
UX10233,Katherine,Perkins,kperkins7h@google.cn
LS80288,Melissa,Howard,mhoward7i@edublogs.org
HA82319,Eric,Dixon,edixon7j@businessweek.com
IQ81980,Mark,Chavez,mchavez7k@dmoz.org
ZW64271,Gloria,Martinez,gmartinez7l@fastcompany.com
LY90078,Bruce,Gordon,bgordon7m@canalblog.com
SU50555,Christina,Matthews,cmatthews7n@sohu.com
IV42207,Craig,Greene,cgreene7o@prlog.org
FJ17813,Sean,Hudson,shudson7p@amazon.com
CW48602,Katherine,Moore,kmoore7q@elpais.com
EG02155,Timothy,Rodriguez,trodriguez7r@google.fr
HO88265,Linda,Fox,lfox7s@arizona.edu
TD93281,Philip,Fowler,pfowler7t@163.com
ZY81491,Kathryn,Simmons,ksimmons7u@dmoz.org
TO66938,Kenneth,King,kking7v@vk.com
IN02179,Donna,Elliott,delliott7w@stumbleupon.com
AV13573,Angela,Gordon,agordon7x@gov.uk
NL01862,Clarence,Perkins,cperkins7y@opera.com
BW74483,Beverly,Warren,bwarren7z@ow.ly
DV91660,Rachel,Wagner,rwagner80@biglobe.ne.jp
KZ78044,Johnny,Rice,jrice81@cloudflare.com
IM76510,Adam,Murphy,amurphy82@phpbb.com
GL95668,Margaret,Owens,mowens83@fda.gov
BC12757,Lori,Rose,lrose84@wordpress.org
NE00614,Adam,Sims,asims85@clickbank.net
GV87580,Emily,Dixon,edixon86@hao123.com
WR23293,Heather,Grant,hgrant87@issuu.com
SH31051,Matthew,Gibson,mgibson88@skype.com
TL08822,Melissa,Ramirez,mramirez89@jalbum.net
VU42162,Terry,Wilson,twilson8a@goo.ne.jp
ZJ93271,Daniel,Arnold,darnold8b@state.tx.us
QM89253,Fred,Watson,fwatson8c@weebly.com
IY92273,Ryan,Fernandez,rfernandez8d@nationalgeographic.com
ZV12290,Jennifer,Crawford,jcrawford8e@netlog.com
SB62787,Sean,Freeman,sfreeman8f@livejournal.com
GI75391,Rose,Peterson,rpeterson8g@yellowbook.com
ID35248,Ashley,Wheeler,awheeler8h@hubpages.com
DZ95101,Denise,Gray,dgray8i@state.tx.us
BU31395,Karen,Dixon,kdixon8j@google.com.hk
LV57785,William,Holmes,wholmes8k@dailymotion.com
UE32000,Jason,Baker,jbaker8l@nifty.com
PG66550,Russell,Reed,rreed8m@lycos.com
FS40026,Philip,Brown,pbrown8n@livejournal.com
TO49591,Aaron,Mitchell,amitchell8o@disqus.com
QT51770,Douglas,Porter,dporter8p@epa.gov
KS72433,Irene,Nichols,inichols8q@addthis.com
AU11677,Kimberly,Austin,kaustin8r@apple.com
YS59196,Bruce,Harvey,bharvey8s@aboutads.info
XZ51730,Anthony,Morales,amorales8t@ihg.com
SA12084,William,Nichols,wnichols8u@cbsnews.com
LE71511,Jean,Peterson,jpeterson8v@sina.com.cn
FO27718,Billy,Holmes,bholmes8w@is.gd
BO41551,Chris,Williamson,cwilliamson8x@istockphoto.com
NO37999,Helen,Riley,hriley8y@nsw.gov.au
FR67837,Sandra,Willis,swillis8z@chron.com
YQ33972,Irene,Burns,iburns90@mysql.com
DR50886,Cheryl,Bradley,cbradley91@ihg.com
ZO97228,Shirley,Bennett,sbennett92@google.ru
FG10263,Eugene,Hayes,ehayes93@vk.com
AU63886,Betty,Robinson,brobinson94@army.mil
YJ41718,Terry,Watson,twatson95@gov.uk
PU15756,Beverly,Robertson,brobertson96@soup.io
AF63461,Joyce,Hill,jhill97@seattletimes.com
QT77111,Todd,Knight,tknight98@utexas.edu
GK54924,Shirley,Carroll,scarroll99@fda.gov
PL60578,Alan,Carr,acarr9a@sciencedaily.com
HF66727,Jack,Cunningham,jcunningham9b@aboutads.info
ZH76665,Jane,Sullivan,jsullivan9c@exblog.jp
BH67986,William,Larson,wlarson9d@google.fr
CR22622,Janet,Hernandez,jhernandez9e@scientificamerican.com
JF05142,Doris,Cox,dcox9f@yellowbook.com
BS93807,Jimmy,Jacobs,jjacobs9g@twitter.com
RH31521,Theresa,Watson,twatson9h@cyberchimps.com
MJ85782,Arthur,Carroll,acarroll9i@cornell.edu
EP36254,Cheryl,Lynch,clynch9j@prlog.org
PN88552,Sara,Rice,srice9k@loc.gov
KQ82818,Kathleen,Martinez,kmartinez9l@sfgate.com
NJ96982,Annie,Butler,abutler9m@ask.com
UC85947,Alan,Castillo,acastillo9n@dropbox.com
JV60042,Amy,Campbell,acampbell9o@narod.ru
VF96572,Bruce,Hicks,bhicks9p@discuz.net
YS49264,Raymond,Banks,rbanks9q@ibm.com
HE44413,Aaron,Carpenter,acarpenter9r@reuters.com
US71873,Steve,Day,sday9s@ucsd.edu
EZ53618,Harold,Bryant,hbryant9t@mapy.cz
SP25609,Johnny,Williamson,jwilliamson9u@reuters.com
WC65148,Judith,Barnes,jbarnes9v@reverbnation.com
IS16520,Angela,Brown,abrown9w@netlog.com
GX53940,Louise,Patterson,lpatterson9x@github.io
RE78065,David,Gordon,dgordon9y@ow.ly
UP49083,Karen,Campbell,kcampbell9z@t-online.de
LP06283,Stephanie,Burke,sburkea0@netscape.com
SP53402,Craig,Williamson,cwilliamsona1@illinois.edu
TB69116,Brandon,Stevens,bstevensa2@bloglovin.com
DB14359,Nancy,Martinez,nmartineza3@netscape.com
OQ00955,Doris,Nguyen,dnguyena4@dedecms.com
OB95216,Bobby,Carroll,bcarrolla5@amazon.com
DO29250,Annie,Greene,agreenea6@comcast.net
MN41523,Joshua,Adams,jadamsa7@nytimes.com
CO89407,Robin,Edwards,redwardsa8@stumbleupon.com
KT31671,Jean,Harrison,jharrisona9@sitemeter.com
YZ08057,Gerald,Dixon,gdixonaa@g.co
CY88052,Judy,Ray,jrayab@java.com
KG59367,Jerry,Harrison,jharrisonac@edublogs.org
SU37617,Kathy,Clark,kclarkad@unesco.org
LV46290,Aaron,Smith,asmithae@live.com
HU85371,Todd,Carr,tcarraf@prweb.com
LJ66596,Thomas,Simpson,tsimpsonag@artisteer.com
MH31896,Frances,Carroll,fcarrollah@elpais.com
KZ57433,Carol,Hansen,chansenai@jiathis.com
AN06179,Mildred,Murphy,mmurphyaj@yahoo.com
NJ52581,Terry,Brooks,tbrooksak@addtoany.com
RD02386,Charles,Fox,cfoxal@home.pl
DK85765,Matthew,Watkins,mwatkinsam@sakura.ne.jp
YJ37478,Catherine,Wright,cwrightan@vkontakte.ru
QB93310,Albert,Kelly,akellyao@discuz.net
NI66780,Brian,Martinez,bmartinezap@webs.com
AI33429,Marie,Kelley,mkelleyaq@youku.com
JV67645,Victor,Wright,vwrightar@amazon.de
XE93241,Jesse,Kim,jkimas@phoca.cz
WL65768,Ronald,Welch,rwelchat@xinhuanet.com
NB58246,Judith,Gibson,jgibsonau@spotify.com
LA78341,Wayne,Evans,wevansav@bizjournals.com
OR68467,Raymond,Ray,rrayaw@dell.com
FU03819,Larry,Watkins,lwatkinsax@wikispaces.com
RB97110,Sean,Barnes,sbarnesay@pagesperso-orange.fr
BI18632,Julia,Wood,jwoodaz@nymag.com
IS10035,Margaret,Ferguson,mfergusonb0@furl.net
VQ50141,Jerry,Robertson,jrobertsonb1@umich.edu
SN85559,Julia,Porter,jporterb2@twitpic.com
MD55601,Lisa,Meyer,lmeyerb3@gov.uk
IQ31414,Betty,Lane,blaneb4@angelfire.com
WU04883,Amanda,Owens,aowensb5@dot.gov
OQ01174,Mary,Austin,maustinb6@chicagotribune.com
DO87026,Jason,Collins,jcollinsb7@usa.gov
OV17050,Amanda,Larson,alarsonb8@zdnet.com
JO97509,Lisa,Mccoy,lmccoyb9@latimes.com
ND66359,Jason,Moreno,jmorenoba@census.gov
GS98335,Theresa,Mccoy,tmccoybb@infoseek.co.jp
AV98155,Clarence,Fisher,cfisherbc@ucla.edu
WQ60273,Pamela,White,pwhitebd@cnn.com
QY90112,Harold,Kelley,hkelleybe@comsenz.com
NI05417,Willie,Rodriguez,wrodriguezbf@cdbaby.com
AR93073,Tammy,Wilson,twilsonbg@dropbox.com
UC51602,Julie,Stevens,jstevensbh@meetup.com
FR71137,Robin,Bishop,rbishopbi@intel.com
QA97256,Shawn,Perry,sperrybj@dion.ne.jp
SK79449,Bonnie,Oliver,boliverbk@cargocollective.com
HL73011,Teresa,Peters,tpetersbl@histats.com
KO09576,Irene,Woods,iwoodsbm@ebay.com
OW29319,Alan,Payne,apaynebn@amazon.co.uk
GF98327,Craig,Brown,cbrownbo@prweb.com
HB31509,Katherine,Powell,kpowellbp@goo.ne.jp
AL49961,Jean,Ryan,jryanbq@webeden.co.uk
DI57767,Gloria,Ramos,gramosbr@go.com
GK79375,Robin,Thomas,rthomasbs@symantec.com
XI88069,Joseph,Fields,jfieldsbt@mashable.com
RN49956,Terry,Diaz,tdiazbu@ameblo.jp
BP66104,Melissa,Riley,mrileybv@oracle.com
NJ23474,Raymond,Mcdonald,rmcdonaldbw@bluehost.com
XQ52472,Henry,Mccoy,hmccoybx@so-net.ne.jp
JM55082,Jack,Rogers,jrogersby@illinois.edu
TH50117,Susan,Wright,swrightbz@hc360.com
VL84830,Gerald,Martinez,gmartinezc0@free.fr
AT48708,Matthew,Garcia,mgarciac1@bizjournals.com
HS07402,Nicole,Lawson,nlawsonc2@yandex.ru
YJ91768,Martha,Carroll,mcarrollc3@webeden.co.uk
BG82450,Joseph,Burns,jburnsc4@state.tx.us
IB82017,Doris,Peterson,dpetersonc5@multiply.com
WI77191,Sara,Cole,scolec6@hp.com
DG06406,Margaret,Spencer,mspencerc7@about.com
KO80111,Doris,Ramos,dramosc8@digg.com
JP87449,Justin,Anderson,jandersonc9@state.tx.us
KM53124,Phillip,Gonzalez,pgonzalezca@csmonitor.com
FW82252,Henry,Hill,hhillcb@hexun.com
XB81422,Aaron,Ruiz,aruizcc@freewebs.com
AB20809,Anthony,Bishop,abishopcd@friendfeed.com
PT81340,Elizabeth,Franklin,efranklince@hc360.com
MS14311,Walter,Howell,whowellcf@cpanel.net
OG27932,Teresa,Burns,tburnscg@upenn.edu
QK90320,William,Kennedy,wkennedych@miitbeian.gov.cn
TF12797,Amanda,Cruz,acruzci@tinyurl.com
ZE56727,Wanda,Castillo,wcastillocj@skyrock.com
ZS67417,Ralph,Olson,rolsonck@cdc.gov
UF04475,Lawrence,Price,lpricecl@technorati.com
YA50928,Teresa,Chavez,tchavezcm@1und1.de
RB56647,Jeffrey,Montgomery,jmontgomerycn@pen.io
FR81711,Frank,Ramos,framosco@economist.com
SQ21534,Deborah,Watson,dwatsoncp@cdbaby.com
HO98983,Ann,Garrett,agarrettcq@rakuten.co.jp
LU47652,Kevin,Alexander,kalexandercr@hugedomains.com
XI24382,Katherine,Coleman,kcolemancs@cornell.edu
YP01343,Randy,Hart,rhartct@blogs.com
VQ09761,Norma,Grant,ngrantcu@house.gov
GS53159,Harry,Reynolds,hreynoldscv@ovh.net
CS77491,Steve,Owens,sowenscw@mysql.com
FG23333,Julie,Fowler,jfowlercx@multiply.com
BC22477,Alan,Wheeler,awheelercy@walmart.com
EF01494,Bruce,Chavez,bchavezcz@fastcompany.com
DF70096,Annie,Duncan,aduncand0@aboutads.info
PJ97384,Philip,Ford,pfordd1@who.int
MA24747,Laura,Stevens,lstevensd2@scribd.com
IR09986,Benjamin,Butler,bbutlerd3@bizjournals.com
UE14608,Ronald,Mills,rmillsd4@chron.com
NU18344,Virginia,Nichols,vnicholsd5@ibm.com
TX03858,Martha,Moreno,mmorenod6@blogs.com
WR17449,Kathleen,Peterson,kpetersond7@amazon.de
AN01010,Julie,Parker,jparkerd8@diigo.com
LJ79502,Gary,Ward,gwardd9@craigslist.org
NL74858,Ashley,Carr,acarrda@sciencedirect.com
WV70267,Frank,Fuller,ffullerdb@ustream.tv
LC08038,Christina,Tucker,ctuckerdc@tiny.cc
ID78217,Randy,Howell,rhowelldd@wikispaces.com
ZV16652,Eugene,Black,eblackde@webmd.com
FW34618,Jennifer,Ramos,jramosdf@uol.com.br
OG69422,Angela,Greene,agreenedg@usgs.gov
YG70271,Randy,Graham,rgrahamdh@ifeng.com
MO62632,Douglas,Johnston,djohnstondi@comcast.net
LS85929,Gloria,Alvarez,galvarezdj@europa.eu
DC38495,Howard,Graham,hgrahamdk@wiley.com
QN46250,Kevin,Roberts,krobertsdl@narod.ru
KN25467,Alan,Jordan,ajordandm@1688.com
QE99840,Ruth,Evans,revansdn@telegraph.co.uk
HI50550,Todd,Sanders,tsandersdo@vkontakte.ru
WY07833,Donald,Meyer,dmeyerdp@nsw.gov.au
NV32231,Nancy,Wood,nwooddq@theguardian.com
VM01505,Kenneth,Howell,khowelldr@taobao.com
TH82696,Ralph,Morris,rmorrisds@dion.ne.jp
CO89444,Jacqueline,Rose,jrosedt@clickbank.net
OI84408,Catherine,Jones,cjonesdu@washington.edu
TA75814,Emily,Weaver,eweaverdv@gov.uk